epoch,mean training loss,val MSE
0,0.0072403196,0.0047798973973840475
