epoch,mean training loss,val MSE
0,0.009200355,0.006072760559618473
