epoch,mean training loss,val MSE
0,0.008280898,0.005300288321450353
