,blur,PoseNet,MAE,MSE,NLPD,PSNR,UIQI,LPIPS_vgg,SSIM,MSSIM
0,0.0,0.030268236994743347,0.0,0.0,0.0,inf,,0.0,1.0,1.0
1,1.0,0.030268236994743347,0.0,0.0,0.0,inf,,0.0,1.0,1.0
2,2.0,0.030307769775390625,0.00010380952153354883,2.4862470127118286e-07,0.014617497101426125,49.93856430053711,,0.004675824660807848,0.9978654384613037,0.9994218945503235
3,3.0,0.030307769775390625,0.00010380952153354883,2.4862470127118286e-07,0.014617497101426125,49.93856430053711,,0.004675824660807848,0.9978654384613037,0.9994218945503235
4,4.0,0.030759112909436226,0.00020390305144246668,8.535329243386514e-07,0.020244041457772255,44.68020248413086,,0.014270443469285965,0.9913458824157715,0.9979556798934937
5,5.0,0.030759112909436226,0.00020390305144246668,8.535329243386514e-07,0.020244041457772255,44.68020248413086,,0.014270443469285965,0.9913458824157715,0.9979556798934937
6,6.0,0.032049354165792465,0.00035136876977048814,2.0138327272434253e-06,0.024276087060570717,40.91130447387695,,0.025293953716754913,0.9820132851600647,0.9954954981803894
