,brightness,PoseNet,MAE,MSE,NLPD,PSNR,UIQI,LPIPS_vgg,SSIM,MSSIM
0,-1.0,0.662887692451477,0.0068142530508339405,0.0009635484893806279,0.06316255778074265,-inf,,0.12613418698310852,0.8964545130729675,0.3250386118888855
1,-0.98,0.662887692451477,0.0068142530508339405,0.0009635484893806279,0.06316255778074265,-inf,,0.12613418698310852,0.8964545130729675,0.3250386118888855
2,-0.96,0.662887692451477,0.0068142530508339405,0.0009635484893806279,0.06316255778074265,-inf,,0.12613418698310852,0.8964545130729675,0.3250386118888855
3,-0.94,0.662887692451477,0.0068142530508339405,0.0009635484893806279,0.06316255778074265,-inf,,0.12613418698310852,0.8964545130729675,0.3250386118888855
4,-0.92,0.662887692451477,0.0068142530508339405,0.0009635484893806279,0.06316255778074265,-inf,,0.12613418698310852,0.8964545130729675,0.3250386118888855
5,-0.9,0.662887692451477,0.0068142530508339405,0.0009635484893806279,0.06316255778074265,-inf,,0.12613418698310852,0.8964545130729675,0.3250386118888855
6,-0.88,0.662887692451477,0.0068142530508339405,0.0009635484893806279,0.06316255778074265,-inf,,0.12613418698310852,0.8964545130729675,0.3250386118888855
