,rotation,PoseNet,MAE,MSE,NLPD,PSNR,UIQI,LPIPS_vgg,SSIM,MSSIM
0,-50.0,0.28972890973091125,0.00395278912037611,0.0002934361109510064,0.06128041446208954,22.251007080078125,,0.034026991575956345,0.9203945398330688,0.8709893822669983
1,-49.0,0.28484198451042175,0.0038814879953861237,0.0002839936350937933,0.06082118675112724,22.39265251159668,,0.03320392966270447,0.9215935468673706,0.8742800951004028
2,-48.0,0.2799212336540222,0.003809739602729678,0.00027461073477752507,0.06035427376627922,22.539331436157227,,0.03237682208418846,0.9228069186210632,0.877572238445282
3,-47.0,0.274959534406662,0.003737526247277856,0.00026529020396992564,0.05987294763326645,22.690221786499023,,0.031547900289297104,0.9240351319313049,0.8808656930923462
4,-46.0,0.2699584364891052,0.0036649201065301895,0.00025604458642192185,0.05938000604510307,22.844635009765625,,0.03071569837629795,0.9252769351005554,0.884158194065094
5,-45.0,0.26492199301719666,0.00359185878187418,0.00024686980759724975,0.05887734517455101,23.002912521362305,,0.029880156740546227,0.926533579826355,0.8874514698982239
6,-44.0,0.2598519027233124,0.0035184172447770834,0.00023778004106134176,0.05837058275938034,23.166236877441406,,0.029042312875390053,0.9278035163879395,0.8907415866851807
