,x_shift,PoseNet,MAE,MSE,NLPD,PSNR,UIQI,LPIPS_vgg,SSIM,MSSIM
0,-0.5,0.8035659193992615,0.010245228186249733,0.001448418595828116,0.08438432961702347,14.334090232849121,,0.15066900849342346,0.8586259484291077,
1,-0.49,0.8272601366043091,0.010705981403589249,0.0015167962992563844,0.08569150418043137,14.411419868469238,,0.15189474821090698,0.852992594242096,
2,-0.48,0.8396933674812317,0.010932366363704205,0.0015503286849707365,0.08634433150291443,14.403435707092285,,0.15244156122207642,0.85013347864151,
3,-0.47,0.8525314331054688,0.011154018342494965,0.001583090634085238,0.08700159937143326,14.372092247009277,,0.15293776988983154,0.8472582101821899,
4,-0.46,0.8804740309715271,0.011577011086046696,0.0016452384879812598,0.08835069835186005,14.26433277130127,,0.15378735959529877,0.8414955139160156,
5,-0.45,0.8953201174736023,0.011776353232562542,0.001674346742220223,0.08902192115783691,14.204237937927246,,0.15415431559085846,0.8386271595954895,
6,-0.44,0.9104605317115784,0.011966286227107048,0.0017019567312672734,0.08969282358884811,14.142165184020996,,0.15447627007961273,0.8357825875282288,
