,y_shift,PoseNet,MAE,MSE,NLPD,PSNR,UIQI,LPIPS_vgg,SSIM,MSSIM
0,-0.5,0.745523989200592,0.010260446928441525,0.0014532777713611722,0.08435263484716415,14.336368560791016,,0.154205322265625,0.8586075305938721,
1,-0.49,0.7482377290725708,0.010723154060542583,0.0015221035573631525,0.0856584683060646,14.410576820373535,,0.15599548816680908,0.852971076965332,
2,-0.48,0.7491592168807983,0.010950448922812939,0.0015558028826490045,0.08630792051553726,14.400777816772461,,0.15682391822338104,0.8501101732254028,
3,-0.47,0.7497559785842896,0.011172963306307793,0.0015886868350207806,0.08696280419826508,14.368290901184082,,0.1576121300458908,0.84723299741745,
4,-0.46,0.750251829624176,0.01159751322120428,0.0016509402776136994,0.08830748498439789,14.261845588684082,,0.15908992290496826,0.8414661884307861,
5,-0.45,0.7499296069145203,0.011797464452683926,0.0016800189623609185,0.08898105472326279,14.202860832214355,,0.15975500643253326,0.8385956883430481,
6,-0.44,0.7492039799690247,0.011987893842160702,0.0017075452487915754,0.08965375274419785,14.140328407287598,,0.16038405895233154,0.8357487320899963,
