,zoom,PoseNet,MAE,MSE,NLPD,PSNR,UIQI,LPIPS_vgg,SSIM,MSSIM
0,0.5,0.2020171582698822,0.005136903375387192,0.0005785489920526743,0.07704348117113113,18.80498504638672,,0.07363557815551758,0.9055414199829102,0.7500677704811096
1,0.525,0.18537352979183197,0.004950700793415308,0.0005401274538598955,0.07619506865739822,19.113182067871094,,0.0693204328417778,0.9072550535202026,0.7677238583564758
2,0.55,0.16317251324653625,0.0047663794830441475,0.0005026761791668832,0.07547994703054428,19.429929733276367,,0.06546628475189209,0.9090652465820312,0.7839199900627136
3,0.575,0.14698462188243866,0.00457506999373436,0.0004651197523344308,0.07448387145996094,19.769811630249023,,0.061588164418935776,0.9110954999923706,0.7995803952217102
4,0.6,0.13778655230998993,0.004380284808576107,0.0004284425813239068,0.07312468439340591,20.125720977783203,,0.057829368859529495,0.9133298993110657,0.8144824504852295
5,0.625,0.11816828697919846,0.004156505223363638,0.0003873154055327177,0.07207255810499191,20.56704330444336,,0.05352862551808357,0.9159920811653137,0.8306308388710022
6,0.65,0.10565627366304398,0.003931971732527018,0.0003481317835394293,0.07065465301275253,21.028385162353516,,0.04938438534736633,0.9188624024391174,0.8458003997802734
