,blur,PoseNet,MAE,MSE,NLPD,PSNR,UIQI,LPIPS_vgg,SSIM,MSSIM
0,0.0,0.030605856,0.0,0.0,0.0,inf,,0.0,1.0,1.0
1,1.0,0.030605856,0.0,0.0,0.0,inf,,0.0,1.0,1.0
2,2.0,0.030634385,0.000103079095,2.4642137e-07,0.014558058,49.91046,,0.004680093,0.9978653,0.99942124
