,blur,PoseNet,MAE,MSE,NLPD,PSNR,UIQI,LPIPS_vgg,SSIM,MSSIM
0,0.0,0.030605925247073174,0.0,0.0,0.0,inf,,0.0,1.0,1.0
1,1.0,0.030605925247073174,0.0,0.0,0.0,inf,,0.0,1.0,1.0
2,2.0,0.030634449794888496,0.00010307909542461857,2.4642136509100965e-07,0.014558058232069016,49.91046142578125,,0.004680092912167311,0.9978653192520142,0.999421238899231
3,3.0,0.030634449794888496,0.00010307909542461857,2.4642136509100965e-07,0.014558058232069016,49.91046142578125,,0.004680092912167311,0.9978653192520142,0.999421238899231
4,4.0,0.03101160377264023,0.0002023470151470974,8.451143571619468e-07,0.020153474062681198,44.6582145690918,,0.014288845472037792,0.9913538694381714,0.9979547262191772
5,5.0,0.03101160377264023,0.0002023470151470974,8.451143571619468e-07,0.020153474062681198,44.6582145690918,,0.014288845472037792,0.9913538694381714,0.9979547262191772
6,6.0,0.03217753767967224,0.0003486174391582608,1.9933813746320084e-06,0.024162335321307182,40.891387939453125,,0.025308948010206223,0.9820400476455688,0.9954936504364014
7,7.0,0.03217753767967224,0.0003486174391582608,1.9933813746320084e-06,0.024162335321307182,40.891387939453125,,0.025308948010206223,0.9820400476455688,0.9954936504364014
8,8.0,0.034496381878852844,0.0005105352611280978,3.682721853692783e-06,0.026911642402410507,38.13105392456055,,0.03598875552415848,0.9726818799972534,0.9923343658447266
