,brightness,PoseNet,MAE,MSE,NLPD,PSNR,UIQI,LPIPS_vgg,SSIM,MSSIM
0,-1.0,0.6581413745880127,0.006732800509780645,0.0009491255041211843,0.06278800964355469,-inf,,0.12564603984355927,0.8970705270767212,0.32586103677749634
1,-0.98,0.6581413745880127,0.006732800509780645,0.0009491255041211843,0.06278800964355469,-inf,,0.12564603984355927,0.8970705270767212,0.32586103677749634
2,-0.96,0.6581413745880127,0.006732800509780645,0.0009491255041211843,0.06278800964355469,-inf,,0.12564603984355927,0.8970705270767212,0.32586103677749634
3,-0.94,0.6581413745880127,0.006732800509780645,0.0009491255041211843,0.06278800964355469,-inf,,0.12564603984355927,0.8970705270767212,0.32586103677749634
4,-0.92,0.6581413745880127,0.006732800509780645,0.0009491255041211843,0.06278800964355469,-inf,,0.12564603984355927,0.8970705270767212,0.32586103677749634
5,-0.9,0.6581413745880127,0.006732800509780645,0.0009491255041211843,0.06278800964355469,-inf,,0.12564603984355927,0.8970705270767212,0.32586103677749634
6,-0.88,0.6581413745880127,0.006732800509780645,0.0009491255041211843,0.06278800964355469,-inf,,0.12564603984355927,0.8970705270767212,0.32586103677749634
7,-0.86,0.6581413745880127,0.006732800509780645,0.0009491255041211843,0.06278800964355469,-inf,,0.12564603984355927,0.8970705270767212,0.32586103677749634
8,-0.84,0.6581413745880127,0.006732800509780645,0.0009491255041211843,0.06278800964355469,-inf,,0.12564603984355927,0.8970705270767212,0.32586103677749634
