,brightness,PoseNet,MAE,MSE,NLPD,PSNR,UIQI,LPIPS_vgg,SSIM,MSSIM
0,-1.0,0.6581414,0.0067328005,0.0009491255,0.06278801,-inf,,0.12564604,0.8970705,0.32586104
1,-0.98,0.6581414,0.0067328005,0.0009491255,0.06278801,-inf,,0.12564604,0.8970705,0.32586104
2,-0.96,0.6581414,0.0067328005,0.0009491255,0.06278801,-inf,,0.12564604,0.8970705,0.32586104
