,rotation,PoseNet,MAE,MSE,NLPD,PSNR,UIQI,LPIPS_vgg,SSIM,MSSIM
0,-50.0,0.28758225,0.003878093,0.00028605122,0.06062033,22.333801,,0.033585254,0.9212623,0.8723816
1,-49.0,0.28278443,0.0038081475,0.0002768507,0.060163945,22.475403,,0.032773163,0.9224472,0.87564135
2,-48.0,0.2779458,0.0037377567,0.000267708,0.059701398,22.622149,,0.031954512,0.923647,0.8789026
