,y_shift,PoseNet,MAE,MSE,NLPD,PSNR,UIQI,LPIPS_vgg,SSIM,MSSIM
0,-0.5,0.74102736,0.010133467,0.0014284063,0.083906054,14.3988,,0.15369679,0.85935426,
1,-0.49,0.74424595,0.010591673,0.0014963188,0.08520196,14.458736,,0.1554645,0.8537245,
