,zoom,PoseNet,MAE,MSE,NLPD,PSNR,UIQI,LPIPS_vgg,SSIM,MSSIM
0,0.5,0.20144282281398773,0.005075564607977867,0.0005695427535101771,0.07660888880491257,18.83837890625,,0.0732700526714325,0.9061005115509033,0.7504820227622986
1,0.525,0.18487539887428284,0.004891583696007729,0.0005316396127454937,0.07576866447925568,19.14706802368164,,0.06897102296352386,0.9078022241592407,0.7681599259376526
2,0.55,0.16277286410331726,0.004709464497864246,0.0004948190180584788,0.07505935430526733,19.464153289794922,,0.06512489914894104,0.9096014499664307,0.7843664288520813
3,0.575,0.14663945138454437,0.004520419053733349,0.00045782464439980686,0.07406893372535706,19.80463218688965,,0.06124728173017502,0.9116188883781433,0.8000388741493225
4,0.6,0.13750874996185303,0.004327981732785702,0.00042163211037404835,0.0727199986577034,20.16080665588379,,0.05750691518187523,0.9138380289077759,0.8149511814117432
5,0.625,0.1179557517170906,0.004106885753571987,0.0003812141949310899,0.07167338579893112,20.601972579956055,,0.053255144506692886,0.91648268699646,0.8310959935188293
6,0.65,0.10552547127008438,0.003885038895532489,0.00034263302222825587,0.07026063650846481,21.06235122680664,,0.049130022525787354,0.9193349480628967,0.8462632894515991
7,0.675,0.10206221044063568,0.0036696468014270067,0.0003072797553613782,0.06845006346702576,21.531227111816406,,0.045210231095552444,0.9223052859306335,0.8600662350654602
