epoch,mean training loss,val MSE,val_SSIM,Downstream MAE
0,0.0,1.0022316780090332,0.00023989009403157979,0.6225152966976166
1,6.280803680419922,0.0063282415121793745,0.008234620876610279,0.6575642383098602
